id,name,email,birth-date
1,NAME#1,EMAIL#1,BD#1
2,NAME#2,EMAIL#2,BD#2
3,NAME#3,EMAIL#3,BD#3
4,NAME#4,EMAIL#4,BD#4
5,NAME#5,EMAIL#5,BD#5
6,NAME#6,EMAIL#6,BD#6
7,NAME#7,EMAIL#7,BD#7
8,NAME#8,EMAIL#8,BD#8
9,NAME#9,EMAIL#9,BD#9
10,NAME#10,EMAIL#10,BD#10
11,NAME#11,EMAIL#11,BD#11
12,NAME#12,EMAIL#12,BD#12
13,NAME#13,EMAIL#13,BD#13
14,NAME#14,EMAIL#14,BD#14
15,NAME#15,EMAIL#15,BD#15
16,NAME#16,EMAIL#16,BD#16
17,NAME#17,EMAIL#17,BD#17
18,NAME#18,EMAIL#18,BD#18
19,NAME#19,EMAIL#19,BD#19
20,NAME#20,EMAIL#20,BD#20
21,NAME#21,EMAIL#21,BD#21
22,NAME#22,EMAIL#22,BD#22
23,NAME#23,EMAIL#23,BD#23
24,NAME#24,EMAIL#24,BD#24
25,NAME#25,EMAIL#25,BD#25
26,NAME#26,EMAIL#26,BD#26
27,NAME#27,EMAIL#27,BD#27
28,NAME#28,EMAIL#28,BD#28
29,NAME#29,EMAIL#29,BD#29
30,NAME#30,EMAIL#30,BD#30
31,NAME#31,EMAIL#31,BD#31
32,NAME#32,EMAIL#32,BD#32
33,NAME#33,EMAIL#33,BD#33
34,NAME#34,EMAIL#34,BD#34
35,NAME#35,EMAIL#35,BD#35
36,NAME#36,EMAIL#36,BD#36
37,NAME#37,EMAIL#37,BD#37
38,NAME#38,EMAIL#38,BD#38
39,NAME#39,EMAIL#39,BD#39
40,NAME#40,EMAIL#40,BD#40
41,NAME#41,EMAIL#41,BD#41
42,NAME#42,EMAIL#42,BD#42
43,NAME#43,EMAIL#43,BD#43
44,NAME#44,EMAIL#44,BD#44
45,NAME#45,EMAIL#45,BD#45
46,NAME#46,EMAIL#46,BD#46
47,NAME#47,EMAIL#47,BD#47
48,NAME#48,EMAIL#48,BD#48
49,NAME#49,EMAIL#49,BD#49
50,NAME#50,EMAIL#50,BD#50
51,NAME#51,EMAIL#51,BD#51
52,NAME#52,EMAIL#52,BD#52
53,NAME#53,EMAIL#53,BD#53
54,NAME#54,EMAIL#54,BD#54
55,NAME#55,EMAIL#55,BD#55
56,NAME#56,EMAIL#56,BD#56
57,NAME#57,EMAIL#57,BD#57
58,NAME#58,EMAIL#58,BD#58
59,NAME#59,EMAIL#59,BD#59
60,NAME#60,EMAIL#60,BD#60
61,NAME#61,EMAIL#61,BD#61
62,NAME#62,EMAIL#62,BD#62
63,NAME#63,EMAIL#63,BD#63
64,NAME#64,EMAIL#64,BD#64
65,NAME#65,EMAIL#65,BD#65
66,NAME#66,EMAIL#66,BD#66
67,NAME#67,EMAIL#67,BD#67
68,NAME#68,EMAIL#68,BD#68
69,NAME#69,EMAIL#69,BD#69
70,NAME#70,EMAIL#70,BD#70
71,NAME#71,EMAIL#71,BD#71
72,NAME#72,EMAIL#72,BD#72
73,NAME#73,EMAIL#73,BD#73
74,NAME#74,EMAIL#74,BD#74
75,NAME#75,EMAIL#75,BD#75
76,NAME#76,EMAIL#76,BD#76
77,NAME#77,EMAIL#77,BD#77
78,NAME#78,EMAIL#78,BD#78
79,NAME#79,EMAIL#79,BD#79
80,NAME#80,EMAIL#80,BD#80
81,NAME#81,EMAIL#81,BD#81
82,NAME#82,EMAIL#82,BD#82
83,NAME#83,EMAIL#83,BD#83
84,NAME#84,EMAIL#84,BD#84
85,NAME#85,EMAIL#85,BD#85
86,NAME#86,EMAIL#86,BD#86
87,NAME#87,EMAIL#87,BD#87
88,NAME#88,EMAIL#88,BD#88
89,NAME#89,EMAIL#89,BD#89
90,NAME#90,EMAIL#90,BD#90
91,NAME#91,EMAIL#91,BD#91
92,NAME#92,EMAIL#92,BD#92
93,NAME#93,EMAIL#93,BD#93
94,NAME#94,EMAIL#94,BD#94
95,NAME#95,EMAIL#95,BD#95
96,NAME#96,EMAIL#96,BD#96
97,NAME#97,EMAIL#97,BD#97
98,NAME#98,EMAIL#98,BD#98
99,NAME#99,EMAIL#99,BD#99
100,NAME#100,EMAIL#100,BD#100
101,NAME#101,EMAIL#101,BD#101
102,NAME#102,EMAIL#102,BD#102
103,NAME#103,EMAIL#103,BD#103
104,NAME#104,EMAIL#104,BD#104
105,NAME#105,EMAIL#105,BD#105
106,NAME#106,EMAIL#106,BD#106
107,NAME#107,EMAIL#107,BD#107
108,NAME#108,EMAIL#108,BD#108
109,NAME#109,EMAIL#109,BD#109
110,NAME#110,EMAIL#110,BD#110
111,NAME#111,EMAIL#111,BD#111
112,NAME#112,EMAIL#112,BD#112
113,NAME#113,EMAIL#113,BD#113
114,NAME#114,EMAIL#114,BD#114
115,NAME#115,EMAIL#115,BD#115
116,NAME#116,EMAIL#116,BD#116
117,NAME#117,EMAIL#117,BD#117
118,NAME#118,EMAIL#118,BD#118
119,NAME#119,EMAIL#119,BD#119
120,NAME#120,EMAIL#120,BD#120
121,NAME#121,EMAIL#121,BD#121
122,NAME#122,EMAIL#122,BD#122
123,NAME#123,EMAIL#123,BD#123
124,NAME#124,EMAIL#124,BD#124
125,NAME#125,EMAIL#125,BD#125
126,NAME#126,EMAIL#126,BD#126
127,NAME#127,EMAIL#127,BD#127
128,NAME#128,EMAIL#128,BD#128
129,NAME#129,EMAIL#129,BD#129
130,NAME#130,EMAIL#130,BD#130
131,NAME#131,EMAIL#131,BD#131
132,NAME#132,EMAIL#132,BD#132
133,NAME#133,EMAIL#133,BD#133
134,NAME#134,EMAIL#134,BD#134
135,NAME#135,EMAIL#135,BD#135
136,NAME#136,EMAIL#136,BD#136
137,NAME#137,EMAIL#137,BD#137
138,NAME#138,EMAIL#138,BD#138
139,NAME#139,EMAIL#139,BD#139
140,NAME#140,EMAIL#140,BD#140
141,NAME#141,EMAIL#141,BD#141
142,NAME#142,EMAIL#142,BD#142
143,NAME#143,EMAIL#143,BD#143
144,NAME#144,EMAIL#144,BD#144
145,NAME#145,EMAIL#145,BD#145
146,NAME#146,EMAIL#146,BD#146
147,NAME#147,EMAIL#147,BD#147
148,NAME#148,EMAIL#148,BD#148
149,NAME#149,EMAIL#149,BD#149
150,NAME#150,EMAIL#150,BD#150
151,NAME#151,EMAIL#151,BD#151
152,NAME#152,EMAIL#152,BD#152
153,NAME#153,EMAIL#153,BD#153
154,NAME#154,EMAIL#154,BD#154
155,NAME#155,EMAIL#155,BD#155
156,NAME#156,EMAIL#156,BD#156
157,NAME#157,EMAIL#157,BD#157
158,NAME#158,EMAIL#158,BD#158
159,NAME#159,EMAIL#159,BD#159
160,NAME#160,EMAIL#160,BD#160
161,NAME#161,EMAIL#161,BD#161
162,NAME#162,EMAIL#162,BD#162
163,NAME#163,EMAIL#163,BD#163
164,NAME#164,EMAIL#164,BD#164
165,NAME#165,EMAIL#165,BD#165
166,NAME#166,EMAIL#166,BD#166
167,NAME#167,EMAIL#167,BD#167
168,NAME#168,EMAIL#168,BD#168
169,NAME#169,EMAIL#169,BD#169
170,NAME#170,EMAIL#170,BD#170
171,NAME#171,EMAIL#171,BD#171
172,NAME#172,EMAIL#172,BD#172
173,NAME#173,EMAIL#173,BD#173
174,NAME#174,EMAIL#174,BD#174
175,NAME#175,EMAIL#175,BD#175
176,NAME#176,EMAIL#176,BD#176
177,NAME#177,EMAIL#177,BD#177
178,NAME#178,EMAIL#178,BD#178
179,NAME#179,EMAIL#179,BD#179
180,NAME#180,EMAIL#180,BD#180
181,NAME#181,EMAIL#181,BD#181
182,NAME#182,EMAIL#182,BD#182
183,NAME#183,EMAIL#183,BD#183
184,NAME#184,EMAIL#184,BD#184
185,NAME#185,EMAIL#185,BD#185
186,NAME#186,EMAIL#186,BD#186
187,NAME#187,EMAIL#187,BD#187
188,NAME#188,EMAIL#188,BD#188
189,NAME#189,EMAIL#189,BD#189
190,NAME#190,EMAIL#190,BD#190
191,NAME#191,EMAIL#191,BD#191
192,NAME#192,EMAIL#192,BD#192
193,NAME#193,EMAIL#193,BD#193
194,NAME#194,EMAIL#194,BD#194
195,NAME#195,EMAIL#195,BD#195
196,NAME#196,EMAIL#196,BD#196
197,NAME#197,EMAIL#197,BD#197
198,NAME#198,EMAIL#198,BD#198
199,NAME#199,EMAIL#199,BD#199
200,NAME#200,EMAIL#200,BD#200
201,NAME#201,EMAIL#201,BD#201
202,NAME#202,EMAIL#202,BD#202
203,NAME#203,EMAIL#203,BD#203
204,NAME#204,EMAIL#204,BD#204
205,NAME#205,EMAIL#205,BD#205
206,NAME#206,EMAIL#206,BD#206
207,NAME#207,EMAIL#207,BD#207
208,NAME#208,EMAIL#208,BD#208
209,NAME#209,EMAIL#209,BD#209
210,NAME#210,EMAIL#210,BD#210
211,NAME#211,EMAIL#211,BD#211
212,NAME#212,EMAIL#212,BD#212
213,NAME#213,EMAIL#213,BD#213
214,NAME#214,EMAIL#214,BD#214
215,NAME#215,EMAIL#215,BD#215
216,NAME#216,EMAIL#216,BD#216
217,NAME#217,EMAIL#217,BD#217
218,NAME#218,EMAIL#218,BD#218
219,NAME#219,EMAIL#219,BD#219
220,NAME#220,EMAIL#220,BD#220
221,NAME#221,EMAIL#221,BD#221
222,NAME#222,EMAIL#222,BD#222
223,NAME#223,EMAIL#223,BD#223
224,NAME#224,EMAIL#224,BD#224
225,NAME#225,EMAIL#225,BD#225
226,NAME#226,EMAIL#226,BD#226
227,NAME#227,EMAIL#227,BD#227
228,NAME#228,EMAIL#228,BD#228
229,NAME#229,EMAIL#229,BD#229
230,NAME#230,EMAIL#230,BD#230
231,NAME#231,EMAIL#231,BD#231
232,NAME#232,EMAIL#232,BD#232
233,NAME#233,EMAIL#233,BD#233
234,NAME#234,EMAIL#234,BD#234
235,NAME#235,EMAIL#235,BD#235
236,NAME#236,EMAIL#236,BD#236
237,NAME#237,EMAIL#237,BD#237
238,NAME#238,EMAIL#238,BD#238
239,NAME#239,EMAIL#239,BD#239
240,NAME#240,EMAIL#240,BD#240
241,NAME#241,EMAIL#241,BD#241
242,NAME#242,EMAIL#242,BD#242
243,NAME#243,EMAIL#243,BD#243
244,NAME#244,EMAIL#244,BD#244
245,NAME#245,EMAIL#245,BD#245
246,NAME#246,EMAIL#246,BD#246
247,NAME#247,EMAIL#247,BD#247
248,NAME#248,EMAIL#248,BD#248
249,NAME#249,EMAIL#249,BD#249
250,NAME#250,EMAIL#250,BD#250
251,NAME#251,EMAIL#251,BD#251
252,NAME#252,EMAIL#252,BD#252
253,NAME#253,EMAIL#253,BD#253
254,NAME#254,EMAIL#254,BD#254
255,NAME#255,EMAIL#255,BD#255
256,NAME#256,EMAIL#256,BD#256
257,NAME#257,EMAIL#257,BD#257
258,NAME#258,EMAIL#258,BD#258
259,NAME#259,EMAIL#259,BD#259
260,NAME#260,EMAIL#260,BD#260
261,NAME#261,EMAIL#261,BD#261
262,NAME#262,EMAIL#262,BD#262
263,NAME#263,EMAIL#263,BD#263
264,NAME#264,EMAIL#264,BD#264
265,NAME#265,EMAIL#265,BD#265
266,NAME#266,EMAIL#266,BD#266
267,NAME#267,EMAIL#267,BD#267
268,NAME#268,EMAIL#268,BD#268
269,NAME#269,EMAIL#269,BD#269
270,NAME#270,EMAIL#270,BD#270
271,NAME#271,EMAIL#271,BD#271
272,NAME#272,EMAIL#272,BD#272
273,NAME#273,EMAIL#273,BD#273
274,NAME#274,EMAIL#274,BD#274
275,NAME#275,EMAIL#275,BD#275
276,NAME#276,EMAIL#276,BD#276
277,NAME#277,EMAIL#277,BD#277
278,NAME#278,EMAIL#278,BD#278
279,NAME#279,EMAIL#279,BD#279
280,NAME#280,EMAIL#280,BD#280
281,NAME#281,EMAIL#281,BD#281
282,NAME#282,EMAIL#282,BD#282
283,NAME#283,EMAIL#283,BD#283
284,NAME#284,EMAIL#284,BD#284
285,NAME#285,EMAIL#285,BD#285
286,NAME#286,EMAIL#286,BD#286
287,NAME#287,EMAIL#287,BD#287
288,NAME#288,EMAIL#288,BD#288
289,NAME#289,EMAIL#289,BD#289
290,NAME#290,EMAIL#290,BD#290
291,NAME#291,EMAIL#291,BD#291
292,NAME#292,EMAIL#292,BD#292
293,NAME#293,EMAIL#293,BD#293
294,NAME#294,EMAIL#294,BD#294
295,NAME#295,EMAIL#295,BD#295
296,NAME#296,EMAIL#296,BD#296
297,NAME#297,EMAIL#297,BD#297
298,NAME#298,EMAIL#298,BD#298
299,NAME#299,EMAIL#299,BD#299
300,NAME#300,EMAIL#300,BD#300
301,NAME#301,EMAIL#301,BD#301
302,NAME#302,EMAIL#302,BD#302
303,NAME#303,EMAIL#303,BD#303
304,NAME#304,EMAIL#304,BD#304
305,NAME#305,EMAIL#305,BD#305
306,NAME#306,EMAIL#306,BD#306
307,NAME#307,EMAIL#307,BD#307
308,NAME#308,EMAIL#308,BD#308
309,NAME#309,EMAIL#309,BD#309
310,NAME#310,EMAIL#310,BD#310
311,NAME#311,EMAIL#311,BD#311
312,NAME#312,EMAIL#312,BD#312
313,NAME#313,EMAIL#313,BD#313
314,NAME#314,EMAIL#314,BD#314
315,NAME#315,EMAIL#315,BD#315
316,NAME#316,EMAIL#316,BD#316
317,NAME#317,EMAIL#317,BD#317
318,NAME#318,EMAIL#318,BD#318
319,NAME#319,EMAIL#319,BD#319
320,NAME#320,EMAIL#320,BD#320
321,NAME#321,EMAIL#321,BD#321
322,NAME#322,EMAIL#322,BD#322
323,NAME#323,EMAIL#323,BD#323
324,NAME#324,EMAIL#324,BD#324
325,NAME#325,EMAIL#325,BD#325
326,NAME#326,EMAIL#326,BD#326
327,NAME#327,EMAIL#327,BD#327
328,NAME#328,EMAIL#328,BD#328
329,NAME#329,EMAIL#329,BD#329
330,NAME#330,EMAIL#330,BD#330
331,NAME#331,EMAIL#331,BD#331
332,NAME#332,EMAIL#332,BD#332
333,NAME#333,EMAIL#333,BD#333
334,NAME#334,EMAIL#334,BD#334
335,NAME#335,EMAIL#335,BD#335
336,NAME#336,EMAIL#336,BD#336
337,NAME#337,EMAIL#337,BD#337
338,NAME#338,EMAIL#338,BD#338
339,NAME#339,EMAIL#339,BD#339
340,NAME#340,EMAIL#340,BD#340
341,NAME#341,EMAIL#341,BD#341
342,NAME#342,EMAIL#342,BD#342
343,NAME#343,EMAIL#343,BD#343
344,NAME#344,EMAIL#344,BD#344
345,NAME#345,EMAIL#345,BD#345
346,NAME#346,EMAIL#346,BD#346
347,NAME#347,EMAIL#347,BD#347
348,NAME#348,EMAIL#348,BD#348
349,NAME#349,EMAIL#349,BD#349
350,NAME#350,EMAIL#350,BD#350
351,NAME#351,EMAIL#351,BD#351
352,NAME#352,EMAIL#352,BD#352
353,NAME#353,EMAIL#353,BD#353
354,NAME#354,EMAIL#354,BD#354
355,NAME#355,EMAIL#355,BD#355
356,NAME#356,EMAIL#356,BD#356
357,NAME#357,EMAIL#357,BD#357
358,NAME#358,EMAIL#358,BD#358
359,NAME#359,EMAIL#359,BD#359
360,NAME#360,EMAIL#360,BD#360
361,NAME#361,EMAIL#361,BD#361
362,NAME#362,EMAIL#362,BD#362
363,NAME#363,EMAIL#363,BD#363
364,NAME#364,EMAIL#364,BD#364
365,NAME#365,EMAIL#365,BD#365
366,NAME#366,EMAIL#366,BD#366
367,NAME#367,EMAIL#367,BD#367
368,NAME#368,EMAIL#368,BD#368
369,NAME#369,EMAIL#369,BD#369
370,NAME#370,EMAIL#370,BD#370
371,NAME#371,EMAIL#371,BD#371
372,NAME#372,EMAIL#372,BD#372
373,NAME#373,EMAIL#373,BD#373
374,NAME#374,EMAIL#374,BD#374
375,NAME#375,EMAIL#375,BD#375
376,NAME#376,EMAIL#376,BD#376
377,NAME#377,EMAIL#377,BD#377
378,NAME#378,EMAIL#378,BD#378
379,NAME#379,EMAIL#379,BD#379
380,NAME#380,EMAIL#380,BD#380
381,NAME#381,EMAIL#381,BD#381
382,NAME#382,EMAIL#382,BD#382
383,NAME#383,EMAIL#383,BD#383
384,NAME#384,EMAIL#384,BD#384
385,NAME#385,EMAIL#385,BD#385
386,NAME#386,EMAIL#386,BD#386
387,NAME#387,EMAIL#387,BD#387
388,NAME#388,EMAIL#388,BD#388
389,NAME#389,EMAIL#389,BD#389
390,NAME#390,EMAIL#390,BD#390
391,NAME#391,EMAIL#391,BD#391
392,NAME#392,EMAIL#392,BD#392
393,NAME#393,EMAIL#393,BD#393
394,NAME#394,EMAIL#394,BD#394
395,NAME#395,EMAIL#395,BD#395
396,NAME#396,EMAIL#396,BD#396
397,NAME#397,EMAIL#397,BD#397
398,NAME#398,EMAIL#398,BD#398
399,NAME#399,EMAIL#399,BD#399
400,NAME#400,EMAIL#400,BD#400
401,NAME#401,EMAIL#401,BD#401
402,NAME#402,EMAIL#402,BD#402
403,NAME#403,EMAIL#403,BD#403
404,NAME#404,EMAIL#404,BD#404
405,NAME#405,EMAIL#405,BD#405
406,NAME#406,EMAIL#406,BD#406
407,NAME#407,EMAIL#407,BD#407
408,NAME#408,EMAIL#408,BD#408
409,NAME#409,EMAIL#409,BD#409
410,NAME#410,EMAIL#410,BD#410
411,NAME#411,EMAIL#411,BD#411
412,NAME#412,EMAIL#412,BD#412
413,NAME#413,EMAIL#413,BD#413
414,NAME#414,EMAIL#414,BD#414
415,NAME#415,EMAIL#415,BD#415
416,NAME#416,EMAIL#416,BD#416
417,NAME#417,EMAIL#417,BD#417
418,NAME#418,EMAIL#418,BD#418
419,NAME#419,EMAIL#419,BD#419
420,NAME#420,EMAIL#420,BD#420
421,NAME#421,EMAIL#421,BD#421
422,NAME#422,EMAIL#422,BD#422
423,NAME#423,EMAIL#423,BD#423
424,NAME#424,EMAIL#424,BD#424
425,NAME#425,EMAIL#425,BD#425
426,NAME#426,EMAIL#426,BD#426
427,NAME#427,EMAIL#427,BD#427
428,NAME#428,EMAIL#428,BD#428
429,NAME#429,EMAIL#429,BD#429
430,NAME#430,EMAIL#430,BD#430
431,NAME#431,EMAIL#431,BD#431
432,NAME#432,EMAIL#432,BD#432
433,NAME#433,EMAIL#433,BD#433
434,NAME#434,EMAIL#434,BD#434
435,NAME#435,EMAIL#435,BD#435
436,NAME#436,EMAIL#436,BD#436
437,NAME#437,EMAIL#437,BD#437
438,NAME#438,EMAIL#438,BD#438
439,NAME#439,EMAIL#439,BD#439
440,NAME#440,EMAIL#440,BD#440
441,NAME#441,EMAIL#441,BD#441
442,NAME#442,EMAIL#442,BD#442
443,NAME#443,EMAIL#443,BD#443
444,NAME#444,EMAIL#444,BD#444
445,NAME#445,EMAIL#445,BD#445
446,NAME#446,EMAIL#446,BD#446
447,NAME#447,EMAIL#447,BD#447
448,NAME#448,EMAIL#448,BD#448
449,NAME#449,EMAIL#449,BD#449
450,NAME#450,EMAIL#450,BD#450
451,NAME#451,EMAIL#451,BD#451
452,NAME#452,EMAIL#452,BD#452
453,NAME#453,EMAIL#453,BD#453
454,NAME#454,EMAIL#454,BD#454
455,NAME#455,EMAIL#455,BD#455
456,NAME#456,EMAIL#456,BD#456
457,NAME#457,EMAIL#457,BD#457
458,NAME#458,EMAIL#458,BD#458
459,NAME#459,EMAIL#459,BD#459
460,NAME#460,EMAIL#460,BD#460
461,NAME#461,EMAIL#461,BD#461
462,NAME#462,EMAIL#462,BD#462
463,NAME#463,EMAIL#463,BD#463
464,NAME#464,EMAIL#464,BD#464
465,NAME#465,EMAIL#465,BD#465
466,NAME#466,EMAIL#466,BD#466
467,NAME#467,EMAIL#467,BD#467
468,NAME#468,EMAIL#468,BD#468
469,NAME#469,EMAIL#469,BD#469
470,NAME#470,EMAIL#470,BD#470
471,NAME#471,EMAIL#471,BD#471
472,NAME#472,EMAIL#472,BD#472
473,NAME#473,EMAIL#473,BD#473
474,NAME#474,EMAIL#474,BD#474
475,NAME#475,EMAIL#475,BD#475
476,NAME#476,EMAIL#476,BD#476
477,NAME#477,EMAIL#477,BD#477
478,NAME#478,EMAIL#478,BD#478
479,NAME#479,EMAIL#479,BD#479
480,NAME#480,EMAIL#480,BD#480
481,NAME#481,EMAIL#481,BD#481
482,NAME#482,EMAIL#482,BD#482
483,NAME#483,EMAIL#483,BD#483
484,NAME#484,EMAIL#484,BD#484
485,NAME#485,EMAIL#485,BD#485
486,NAME#486,EMAIL#486,BD#486
487,NAME#487,EMAIL#487,BD#487
488,NAME#488,EMAIL#488,BD#488
489,NAME#489,EMAIL#489,BD#489
490,NAME#490,EMAIL#490,BD#490
491,NAME#491,EMAIL#491,BD#491
492,NAME#492,EMAIL#492,BD#492
493,NAME#493,EMAIL#493,BD#493
494,NAME#494,EMAIL#494,BD#494
495,NAME#495,EMAIL#495,BD#495
496,NAME#496,EMAIL#496,BD#496
497,NAME#497,EMAIL#497,BD#497
498,NAME#498,EMAIL#498,BD#498
499,NAME#499,EMAIL#499,BD#499
500,NAME#500,EMAIL#500,BD#500
501,NAME#501,EMAIL#501,BD#501
502,NAME#502,EMAIL#502,BD#502
503,NAME#503,EMAIL#503,BD#503
504,NAME#504,EMAIL#504,BD#504
505,NAME#505,EMAIL#505,BD#505
506,NAME#506,EMAIL#506,BD#506
507,NAME#507,EMAIL#507,BD#507
508,NAME#508,EMAIL#508,BD#508
509,NAME#509,EMAIL#509,BD#509
510,NAME#510,EMAIL#510,BD#510
511,NAME#511,EMAIL#511,BD#511
512,NAME#512,EMAIL#512,BD#512
513,NAME#513,EMAIL#513,BD#513
514,NAME#514,EMAIL#514,BD#514
515,NAME#515,EMAIL#515,BD#515
516,NAME#516,EMAIL#516,BD#516
517,NAME#517,EMAIL#517,BD#517
518,NAME#518,EMAIL#518,BD#518
519,NAME#519,EMAIL#519,BD#519
520,NAME#520,EMAIL#520,BD#520
521,NAME#521,EMAIL#521,BD#521
522,NAME#522,EMAIL#522,BD#522
523,NAME#523,EMAIL#523,BD#523
524,NAME#524,EMAIL#524,BD#524
525,NAME#525,EMAIL#525,BD#525
526,NAME#526,EMAIL#526,BD#526
527,NAME#527,EMAIL#527,BD#527
528,NAME#528,EMAIL#528,BD#528
529,NAME#529,EMAIL#529,BD#529
530,NAME#530,EMAIL#530,BD#530
531,NAME#531,EMAIL#531,BD#531
532,NAME#532,EMAIL#532,BD#532
533,NAME#533,EMAIL#533,BD#533
534,NAME#534,EMAIL#534,BD#534
535,NAME#535,EMAIL#535,BD#535
536,NAME#536,EMAIL#536,BD#536
537,NAME#537,EMAIL#537,BD#537
538,NAME#538,EMAIL#538,BD#538
539,NAME#539,EMAIL#539,BD#539
540,NAME#540,EMAIL#540,BD#540
541,NAME#541,EMAIL#541,BD#541
542,NAME#542,EMAIL#542,BD#542
543,NAME#543,EMAIL#543,BD#543
544,NAME#544,EMAIL#544,BD#544
545,NAME#545,EMAIL#545,BD#545
546,NAME#546,EMAIL#546,BD#546
547,NAME#547,EMAIL#547,BD#547
548,NAME#548,EMAIL#548,BD#548
549,NAME#549,EMAIL#549,BD#549
550,NAME#550,EMAIL#550,BD#550
551,NAME#551,EMAIL#551,BD#551
552,NAME#552,EMAIL#552,BD#552
553,NAME#553,EMAIL#553,BD#553
554,NAME#554,EMAIL#554,BD#554
555,NAME#555,EMAIL#555,BD#555
556,NAME#556,EMAIL#556,BD#556
557,NAME#557,EMAIL#557,BD#557
558,NAME#558,EMAIL#558,BD#558
559,NAME#559,EMAIL#559,BD#559
560,NAME#560,EMAIL#560,BD#560
561,NAME#561,EMAIL#561,BD#561
562,NAME#562,EMAIL#562,BD#562
563,NAME#563,EMAIL#563,BD#563
564,NAME#564,EMAIL#564,BD#564
565,NAME#565,EMAIL#565,BD#565
566,NAME#566,EMAIL#566,BD#566
567,NAME#567,EMAIL#567,BD#567
568,NAME#568,EMAIL#568,BD#568
569,NAME#569,EMAIL#569,BD#569
570,NAME#570,EMAIL#570,BD#570
571,NAME#571,EMAIL#571,BD#571
572,NAME#572,EMAIL#572,BD#572
573,NAME#573,EMAIL#573,BD#573
574,NAME#574,EMAIL#574,BD#574
575,NAME#575,EMAIL#575,BD#575
576,NAME#576,EMAIL#576,BD#576
577,NAME#577,EMAIL#577,BD#577
578,NAME#578,EMAIL#578,BD#578
579,NAME#579,EMAIL#579,BD#579
580,NAME#580,EMAIL#580,BD#580
581,NAME#581,EMAIL#581,BD#581
582,NAME#582,EMAIL#582,BD#582
583,NAME#583,EMAIL#583,BD#583
584,NAME#584,EMAIL#584,BD#584
585,NAME#585,EMAIL#585,BD#585
586,NAME#586,EMAIL#586,BD#586
587,NAME#587,EMAIL#587,BD#587
588,NAME#588,EMAIL#588,BD#588
589,NAME#589,EMAIL#589,BD#589
590,NAME#590,EMAIL#590,BD#590
591,NAME#591,EMAIL#591,BD#591
592,NAME#592,EMAIL#592,BD#592
593,NAME#593,EMAIL#593,BD#593
594,NAME#594,EMAIL#594,BD#594
595,NAME#595,EMAIL#595,BD#595
596,NAME#596,EMAIL#596,BD#596
597,NAME#597,EMAIL#597,BD#597
598,NAME#598,EMAIL#598,BD#598
599,NAME#599,EMAIL#599,BD#599
600,NAME#600,EMAIL#600,BD#600
601,NAME#601,EMAIL#601,BD#601
602,NAME#602,EMAIL#602,BD#602
603,NAME#603,EMAIL#603,BD#603
604,NAME#604,EMAIL#604,BD#604
605,NAME#605,EMAIL#605,BD#605
606,NAME#606,EMAIL#606,BD#606
607,NAME#607,EMAIL#607,BD#607
608,NAME#608,EMAIL#608,BD#608
609,NAME#609,EMAIL#609,BD#609
610,NAME#610,EMAIL#610,BD#610
611,NAME#611,EMAIL#611,BD#611
612,NAME#612,EMAIL#612,BD#612
613,NAME#613,EMAIL#613,BD#613
614,NAME#614,EMAIL#614,BD#614
615,NAME#615,EMAIL#615,BD#615
616,NAME#616,EMAIL#616,BD#616
617,NAME#617,EMAIL#617,BD#617
618,NAME#618,EMAIL#618,BD#618
619,NAME#619,EMAIL#619,BD#619
620,NAME#620,EMAIL#620,BD#620
621,NAME#621,EMAIL#621,BD#621
622,NAME#622,EMAIL#622,BD#622
623,NAME#623,EMAIL#623,BD#623
624,NAME#624,EMAIL#624,BD#624
625,NAME#625,EMAIL#625,BD#625
626,NAME#626,EMAIL#626,BD#626
627,NAME#627,EMAIL#627,BD#627
628,NAME#628,EMAIL#628,BD#628
629,NAME#629,EMAIL#629,BD#629
630,NAME#630,EMAIL#630,BD#630
631,NAME#631,EMAIL#631,BD#631
632,NAME#632,EMAIL#632,BD#632
633,NAME#633,EMAIL#633,BD#633
634,NAME#634,EMAIL#634,BD#634
635,NAME#635,EMAIL#635,BD#635
636,NAME#636,EMAIL#636,BD#636
637,NAME#637,EMAIL#637,BD#637
638,NAME#638,EMAIL#638,BD#638
639,NAME#639,EMAIL#639,BD#639
640,NAME#640,EMAIL#640,BD#640
641,NAME#641,EMAIL#641,BD#641
642,NAME#642,EMAIL#642,BD#642
643,NAME#643,EMAIL#643,BD#643
644,NAME#644,EMAIL#644,BD#644
645,NAME#645,EMAIL#645,BD#645
646,NAME#646,EMAIL#646,BD#646
647,NAME#647,EMAIL#647,BD#647
648,NAME#648,EMAIL#648,BD#648
649,NAME#649,EMAIL#649,BD#649
650,NAME#650,EMAIL#650,BD#650
651,NAME#651,EMAIL#651,BD#651
652,NAME#652,EMAIL#652,BD#652
653,NAME#653,EMAIL#653,BD#653
654,NAME#654,EMAIL#654,BD#654
655,NAME#655,EMAIL#655,BD#655
656,NAME#656,EMAIL#656,BD#656
657,NAME#657,EMAIL#657,BD#657
658,NAME#658,EMAIL#658,BD#658
659,NAME#659,EMAIL#659,BD#659
660,NAME#660,EMAIL#660,BD#660
661,NAME#661,EMAIL#661,BD#661
662,NAME#662,EMAIL#662,BD#662
663,NAME#663,EMAIL#663,BD#663
664,NAME#664,EMAIL#664,BD#664
665,NAME#665,EMAIL#665,BD#665
666,NAME#666,EMAIL#666,BD#666
667,NAME#667,EMAIL#667,BD#667
668,NAME#668,EMAIL#668,BD#668
669,NAME#669,EMAIL#669,BD#669
670,NAME#670,EMAIL#670,BD#670
671,NAME#671,EMAIL#671,BD#671
672,NAME#672,EMAIL#672,BD#672
673,NAME#673,EMAIL#673,BD#673
674,NAME#674,EMAIL#674,BD#674
675,NAME#675,EMAIL#675,BD#675
676,NAME#676,EMAIL#676,BD#676
677,NAME#677,EMAIL#677,BD#677
678,NAME#678,EMAIL#678,BD#678
679,NAME#679,EMAIL#679,BD#679
680,NAME#680,EMAIL#680,BD#680
681,NAME#681,EMAIL#681,BD#681
682,NAME#682,EMAIL#682,BD#682
683,NAME#683,EMAIL#683,BD#683
684,NAME#684,EMAIL#684,BD#684
685,NAME#685,EMAIL#685,BD#685
686,NAME#686,EMAIL#686,BD#686
687,NAME#687,EMAIL#687,BD#687
688,NAME#688,EMAIL#688,BD#688
689,NAME#689,EMAIL#689,BD#689
690,NAME#690,EMAIL#690,BD#690
691,NAME#691,EMAIL#691,BD#691
692,NAME#692,EMAIL#692,BD#692
693,NAME#693,EMAIL#693,BD#693
694,NAME#694,EMAIL#694,BD#694
695,NAME#695,EMAIL#695,BD#695
696,NAME#696,EMAIL#696,BD#696
697,NAME#697,EMAIL#697,BD#697
698,NAME#698,EMAIL#698,BD#698
699,NAME#699,EMAIL#699,BD#699
700,NAME#700,EMAIL#700,BD#700
701,NAME#701,EMAIL#701,BD#701
702,NAME#702,EMAIL#702,BD#702
703,NAME#703,EMAIL#703,BD#703
704,NAME#704,EMAIL#704,BD#704
705,NAME#705,EMAIL#705,BD#705
706,NAME#706,EMAIL#706,BD#706
707,NAME#707,EMAIL#707,BD#707
708,NAME#708,EMAIL#708,BD#708
709,NAME#709,EMAIL#709,BD#709
710,NAME#710,EMAIL#710,BD#710
711,NAME#711,EMAIL#711,BD#711
712,NAME#712,EMAIL#712,BD#712
713,NAME#713,EMAIL#713,BD#713
714,NAME#714,EMAIL#714,BD#714
715,NAME#715,EMAIL#715,BD#715
716,NAME#716,EMAIL#716,BD#716
717,NAME#717,EMAIL#717,BD#717
718,NAME#718,EMAIL#718,BD#718
719,NAME#719,EMAIL#719,BD#719
720,NAME#720,EMAIL#720,BD#720
721,NAME#721,EMAIL#721,BD#721
722,NAME#722,EMAIL#722,BD#722
723,NAME#723,EMAIL#723,BD#723
724,NAME#724,EMAIL#724,BD#724
725,NAME#725,EMAIL#725,BD#725
726,NAME#726,EMAIL#726,BD#726
727,NAME#727,EMAIL#727,BD#727
728,NAME#728,EMAIL#728,BD#728
729,NAME#729,EMAIL#729,BD#729
730,NAME#730,EMAIL#730,BD#730
731,NAME#731,EMAIL#731,BD#731
732,NAME#732,EMAIL#732,BD#732
733,NAME#733,EMAIL#733,BD#733
734,NAME#734,EMAIL#734,BD#734
735,NAME#735,EMAIL#735,BD#735
736,NAME#736,EMAIL#736,BD#736
737,NAME#737,EMAIL#737,BD#737
738,NAME#738,EMAIL#738,BD#738
739,NAME#739,EMAIL#739,BD#739
740,NAME#740,EMAIL#740,BD#740
741,NAME#741,EMAIL#741,BD#741
742,NAME#742,EMAIL#742,BD#742
743,NAME#743,EMAIL#743,BD#743
744,NAME#744,EMAIL#744,BD#744
745,NAME#745,EMAIL#745,BD#745
746,NAME#746,EMAIL#746,BD#746
747,NAME#747,EMAIL#747,BD#747
748,NAME#748,EMAIL#748,BD#748
749,NAME#749,EMAIL#749,BD#749
750,NAME#750,EMAIL#750,BD#750
751,NAME#751,EMAIL#751,BD#751
752,NAME#752,EMAIL#752,BD#752
753,NAME#753,EMAIL#753,BD#753
754,NAME#754,EMAIL#754,BD#754
755,NAME#755,EMAIL#755,BD#755
756,NAME#756,EMAIL#756,BD#756
757,NAME#757,EMAIL#757,BD#757
758,NAME#758,EMAIL#758,BD#758
759,NAME#759,EMAIL#759,BD#759
760,NAME#760,EMAIL#760,BD#760
761,NAME#761,EMAIL#761,BD#761
762,NAME#762,EMAIL#762,BD#762
763,NAME#763,EMAIL#763,BD#763
764,NAME#764,EMAIL#764,BD#764
765,NAME#765,EMAIL#765,BD#765
766,NAME#766,EMAIL#766,BD#766
767,NAME#767,EMAIL#767,BD#767
768,NAME#768,EMAIL#768,BD#768
769,NAME#769,EMAIL#769,BD#769
770,NAME#770,EMAIL#770,BD#770
771,NAME#771,EMAIL#771,BD#771
772,NAME#772,EMAIL#772,BD#772
773,NAME#773,EMAIL#773,BD#773
774,NAME#774,EMAIL#774,BD#774
775,NAME#775,EMAIL#775,BD#775
776,NAME#776,EMAIL#776,BD#776
777,NAME#777,EMAIL#777,BD#777
778,NAME#778,EMAIL#778,BD#778
779,NAME#779,EMAIL#779,BD#779
780,NAME#780,EMAIL#780,BD#780
781,NAME#781,EMAIL#781,BD#781
782,NAME#782,EMAIL#782,BD#782
783,NAME#783,EMAIL#783,BD#783
784,NAME#784,EMAIL#784,BD#784
785,NAME#785,EMAIL#785,BD#785
786,NAME#786,EMAIL#786,BD#786
787,NAME#787,EMAIL#787,BD#787
788,NAME#788,EMAIL#788,BD#788
789,NAME#789,EMAIL#789,BD#789
790,NAME#790,EMAIL#790,BD#790
791,NAME#791,EMAIL#791,BD#791
792,NAME#792,EMAIL#792,BD#792
793,NAME#793,EMAIL#793,BD#793
794,NAME#794,EMAIL#794,BD#794
795,NAME#795,EMAIL#795,BD#795
796,NAME#796,EMAIL#796,BD#796
797,NAME#797,EMAIL#797,BD#797
798,NAME#798,EMAIL#798,BD#798
799,NAME#799,EMAIL#799,BD#799
800,NAME#800,EMAIL#800,BD#800
801,NAME#801,EMAIL#801,BD#801
802,NAME#802,EMAIL#802,BD#802
803,NAME#803,EMAIL#803,BD#803
804,NAME#804,EMAIL#804,BD#804
805,NAME#805,EMAIL#805,BD#805
806,NAME#806,EMAIL#806,BD#806
807,NAME#807,EMAIL#807,BD#807
808,NAME#808,EMAIL#808,BD#808
809,NAME#809,EMAIL#809,BD#809
810,NAME#810,EMAIL#810,BD#810
811,NAME#811,EMAIL#811,BD#811
812,NAME#812,EMAIL#812,BD#812
813,NAME#813,EMAIL#813,BD#813
814,NAME#814,EMAIL#814,BD#814
815,NAME#815,EMAIL#815,BD#815
816,NAME#816,EMAIL#816,BD#816
817,NAME#817,EMAIL#817,BD#817
818,NAME#818,EMAIL#818,BD#818
819,NAME#819,EMAIL#819,BD#819
820,NAME#820,EMAIL#820,BD#820
821,NAME#821,EMAIL#821,BD#821
822,NAME#822,EMAIL#822,BD#822
823,NAME#823,EMAIL#823,BD#823
824,NAME#824,EMAIL#824,BD#824
825,NAME#825,EMAIL#825,BD#825
826,NAME#826,EMAIL#826,BD#826
827,NAME#827,EMAIL#827,BD#827
828,NAME#828,EMAIL#828,BD#828
829,NAME#829,EMAIL#829,BD#829
830,NAME#830,EMAIL#830,BD#830
831,NAME#831,EMAIL#831,BD#831
832,NAME#832,EMAIL#832,BD#832
833,NAME#833,EMAIL#833,BD#833
834,NAME#834,EMAIL#834,BD#834
835,NAME#835,EMAIL#835,BD#835
836,NAME#836,EMAIL#836,BD#836
837,NAME#837,EMAIL#837,BD#837
838,NAME#838,EMAIL#838,BD#838
839,NAME#839,EMAIL#839,BD#839
840,NAME#840,EMAIL#840,BD#840
841,NAME#841,EMAIL#841,BD#841
842,NAME#842,EMAIL#842,BD#842
843,NAME#843,EMAIL#843,BD#843
844,NAME#844,EMAIL#844,BD#844
845,NAME#845,EMAIL#845,BD#845
846,NAME#846,EMAIL#846,BD#846
847,NAME#847,EMAIL#847,BD#847
848,NAME#848,EMAIL#848,BD#848
849,NAME#849,EMAIL#849,BD#849
850,NAME#850,EMAIL#850,BD#850
851,NAME#851,EMAIL#851,BD#851
852,NAME#852,EMAIL#852,BD#852
853,NAME#853,EMAIL#853,BD#853
854,NAME#854,EMAIL#854,BD#854
855,NAME#855,EMAIL#855,BD#855
856,NAME#856,EMAIL#856,BD#856
857,NAME#857,EMAIL#857,BD#857
858,NAME#858,EMAIL#858,BD#858
859,NAME#859,EMAIL#859,BD#859
860,NAME#860,EMAIL#860,BD#860
861,NAME#861,EMAIL#861,BD#861
862,NAME#862,EMAIL#862,BD#862
863,NAME#863,EMAIL#863,BD#863
864,NAME#864,EMAIL#864,BD#864
865,NAME#865,EMAIL#865,BD#865
866,NAME#866,EMAIL#866,BD#866
867,NAME#867,EMAIL#867,BD#867
868,NAME#868,EMAIL#868,BD#868
869,NAME#869,EMAIL#869,BD#869
870,NAME#870,EMAIL#870,BD#870
871,NAME#871,EMAIL#871,BD#871
872,NAME#872,EMAIL#872,BD#872
873,NAME#873,EMAIL#873,BD#873
874,NAME#874,EMAIL#874,BD#874
875,NAME#875,EMAIL#875,BD#875
876,NAME#876,EMAIL#876,BD#876
877,NAME#877,EMAIL#877,BD#877
878,NAME#878,EMAIL#878,BD#878
879,NAME#879,EMAIL#879,BD#879
880,NAME#880,EMAIL#880,BD#880
881,NAME#881,EMAIL#881,BD#881
882,NAME#882,EMAIL#882,BD#882
883,NAME#883,EMAIL#883,BD#883
884,NAME#884,EMAIL#884,BD#884
885,NAME#885,EMAIL#885,BD#885
886,NAME#886,EMAIL#886,BD#886
887,NAME#887,EMAIL#887,BD#887
888,NAME#888,EMAIL#888,BD#888
889,NAME#889,EMAIL#889,BD#889
890,NAME#890,EMAIL#890,BD#890
891,NAME#891,EMAIL#891,BD#891
892,NAME#892,EMAIL#892,BD#892
893,NAME#893,EMAIL#893,BD#893
894,NAME#894,EMAIL#894,BD#894
895,NAME#895,EMAIL#895,BD#895
896,NAME#896,EMAIL#896,BD#896
897,NAME#897,EMAIL#897,BD#897
898,NAME#898,EMAIL#898,BD#898
899,NAME#899,EMAIL#899,BD#899
900,NAME#900,EMAIL#900,BD#900
901,NAME#901,EMAIL#901,BD#901
902,NAME#902,EMAIL#902,BD#902
903,NAME#903,EMAIL#903,BD#903
904,NAME#904,EMAIL#904,BD#904
905,NAME#905,EMAIL#905,BD#905
906,NAME#906,EMAIL#906,BD#906
907,NAME#907,EMAIL#907,BD#907
908,NAME#908,EMAIL#908,BD#908
909,NAME#909,EMAIL#909,BD#909
910,NAME#910,EMAIL#910,BD#910
911,NAME#911,EMAIL#911,BD#911
912,NAME#912,EMAIL#912,BD#912
913,NAME#913,EMAIL#913,BD#913
914,NAME#914,EMAIL#914,BD#914
915,NAME#915,EMAIL#915,BD#915
916,NAME#916,EMAIL#916,BD#916
917,NAME#917,EMAIL#917,BD#917
918,NAME#918,EMAIL#918,BD#918
919,NAME#919,EMAIL#919,BD#919
920,NAME#920,EMAIL#920,BD#920
921,NAME#921,EMAIL#921,BD#921
922,NAME#922,EMAIL#922,BD#922
923,NAME#923,EMAIL#923,BD#923
924,NAME#924,EMAIL#924,BD#924
925,NAME#925,EMAIL#925,BD#925
926,NAME#926,EMAIL#926,BD#926
927,NAME#927,EMAIL#927,BD#927
928,NAME#928,EMAIL#928,BD#928
929,NAME#929,EMAIL#929,BD#929
930,NAME#930,EMAIL#930,BD#930
931,NAME#931,EMAIL#931,BD#931
932,NAME#932,EMAIL#932,BD#932
933,NAME#933,EMAIL#933,BD#933
934,NAME#934,EMAIL#934,BD#934
935,NAME#935,EMAIL#935,BD#935
936,NAME#936,EMAIL#936,BD#936
937,NAME#937,EMAIL#937,BD#937
938,NAME#938,EMAIL#938,BD#938
939,NAME#939,EMAIL#939,BD#939
940,NAME#940,EMAIL#940,BD#940
941,NAME#941,EMAIL#941,BD#941
942,NAME#942,EMAIL#942,BD#942
943,NAME#943,EMAIL#943,BD#943
944,NAME#944,EMAIL#944,BD#944
945,NAME#945,EMAIL#945,BD#945
946,NAME#946,EMAIL#946,BD#946
947,NAME#947,EMAIL#947,BD#947
948,NAME#948,EMAIL#948,BD#948
949,NAME#949,EMAIL#949,BD#949
950,NAME#950,EMAIL#950,BD#950
951,NAME#951,EMAIL#951,BD#951
952,NAME#952,EMAIL#952,BD#952
953,NAME#953,EMAIL#953,BD#953
954,NAME#954,EMAIL#954,BD#954
955,NAME#955,EMAIL#955,BD#955
956,NAME#956,EMAIL#956,BD#956
957,NAME#957,EMAIL#957,BD#957
958,NAME#958,EMAIL#958,BD#958
959,NAME#959,EMAIL#959,BD#959
960,NAME#960,EMAIL#960,BD#960
961,NAME#961,EMAIL#961,BD#961
962,NAME#962,EMAIL#962,BD#962
963,NAME#963,EMAIL#963,BD#963
964,NAME#964,EMAIL#964,BD#964
965,NAME#965,EMAIL#965,BD#965
966,NAME#966,EMAIL#966,BD#966
967,NAME#967,EMAIL#967,BD#967
968,NAME#968,EMAIL#968,BD#968
969,NAME#969,EMAIL#969,BD#969
970,NAME#970,EMAIL#970,BD#970
971,NAME#971,EMAIL#971,BD#971
972,NAME#972,EMAIL#972,BD#972
973,NAME#973,EMAIL#973,BD#973
974,NAME#974,EMAIL#974,BD#974
975,NAME#975,EMAIL#975,BD#975
976,NAME#976,EMAIL#976,BD#976
977,NAME#977,EMAIL#977,BD#977
978,NAME#978,EMAIL#978,BD#978
979,NAME#979,EMAIL#979,BD#979
980,NAME#980,EMAIL#980,BD#980
981,NAME#981,EMAIL#981,BD#981
982,NAME#982,EMAIL#982,BD#982
983,NAME#983,EMAIL#983,BD#983
984,NAME#984,EMAIL#984,BD#984
985,NAME#985,EMAIL#985,BD#985
986,NAME#986,EMAIL#986,BD#986
987,NAME#987,EMAIL#987,BD#987
988,NAME#988,EMAIL#988,BD#988
989,NAME#989,EMAIL#989,BD#989
990,NAME#990,EMAIL#990,BD#990
991,NAME#991,EMAIL#991,BD#991
992,NAME#992,EMAIL#992,BD#992
993,NAME#993,EMAIL#993,BD#993
994,NAME#994,EMAIL#994,BD#994
995,NAME#995,EMAIL#995,BD#995
996,NAME#996,EMAIL#996,BD#996
997,NAME#997,EMAIL#997,BD#997
998,NAME#998,EMAIL#998,BD#998
999,NAME#999,EMAIL#999,BD#999
1000,NAME#1000,EMAIL#1000,BD#1000
